experiment,explainer_type,ml_model_type,use_permitted_range,total_cfs_requested,maxiterations,stopping_threshold,n_patients,total_cfs,valid_cfs,validity_%,solved_%,avg_nchanged,avg_nchanged_all,avg_gower_valid,avg_risk_before_%,avg_risk_after_%,min_risk_after_%,risk_reduction_%,total_gen_time_sec,avg_gen_time_sec,top_features,csv_path
RF_highthres_2026-04-21,genetic,RandomForest,False,10,1000,0.90,9,85,31,36.5%,88.9%,3.77,3.52,0.24,11.0,3.8,0.0,76.5,18.89,2.10,bmi: 100%  |  etfruit: 55%  |  eatveg: 52%  |  slprl: 45%,gen_1_experiments/genetic_exp/RF_highthres_2026-04-21
RF_lowthres_2026-04-21,genetic,RandomForest,False,10,1000,0.10,9,61,38,62.3%,100.0%,3.79,3.44,0.32,11.0,1.8,0.0,80.0,18.45,2.05,bmi: 100%  |  etfruit: 61%  |  cgtsmok: 50%  |  slprl: 50%,gen_1_experiments/genetic_exp/RF_lowthres_2026-04-21
RF_prange_highthres_2026-04-29,genetic,RandomForest,True,10,1000,0.90,9,83,38,45.8%,100.0%,2.50,2.29,0.21,11.0,3.0,0.0,78.7,18.83,2.09,bmi: 100%  |  slprl: 39%  |  alcfreq: 32%  |  etfruit: 24%,gen_1_experiments/genetic_exp/RF_prange_highthres_2026-04-29
RF_prange_lowthres_2026-04-21,genetic,RandomForest,True,20,1000,0.10,9,129,77,59.7%,100.0%,2.58,2.41,0.18,11.0,3.0,0.0,76.2,23.91,2.66,bmi: 100%  |  slprl: 36%  |  alcfreq: 34%  |  dosprt: 29%,gen_1_experiments/genetic_exp/RF_prange_lowthres_2026-04-21
XGB_highthres_2026-04-17,genetic,XGBoost,False,10,500,0.90,9,86,38,44.2%,77.8%,3.74,3.52,0.28,10.2,2.6,0.2,77.9,10.59,1.18,bmi: 100%  |  etfruit: 63%  |  cgtsmok: 47%  |  alcfreq: 47%,gen_1_experiments/genetic_exp/XGB_highthres_2026-04-17
XGB_prange_highthres_2026-04-17,genetic,XGBoost,True,10,500,0.90,9,84,43,51.2%,88.9%,2.49,2.23,0.22,10.2,3.0,0.0,76.7,8.87,0.99,bmi: 100%  |  alcfreq: 33%  |  etfruit: 28%  |  slprl: 26%,gen_1_experiments/genetic_exp/XGB_prange_highthres_2026-04-17
XGB_prange_lowthres_2026-04-17,genetic,XGBoost,True,20,1000,0.10,9,133,73,54.9%,100.0%,2.49,2.25,0.18,10.2,2.2,0.0,79.5,16.45,1.83,bmi: 100%  |  etfruit: 37%  |  alcfreq: 29%  |  dosprt: 26%,gen_1_experiments/genetic_exp/XGB_prange_lowthres_2026-04-17
RF_highthres_2026-04-21,random,RandomForest,False,10,1000,0.90,9,90,22,24.4%,88.9%,1.82,1.76,0.14,11.0,4.8,0.0,70.6,301.11,33.46,alcfreq: 41%  |  bmi: 32%  |  dosprt: 27%  |  cgtsmok: 23%,gen_1_experiments/random_search_exp/RF_highthres_2026-04-21
RF_lowthres_2026-04-21,random,RandomForest,False,10,1000,0.10,9,90,40,44.4%,100.0%,1.82,1.71,0.15,11.0,3.8,0.0,74.3,299.61,33.29,bmi: 38%  |  dosprt: 38%  |  eatveg: 28%  |  etfruit: 25%,gen_1_experiments/random_search_exp/RF_lowthres_2026-04-21
RF_prange_highthres_2026-04-29,random,RandomForest,True,10,1000,0.90,9,90,22,24.4%,66.7%,1.45,1.48,0.13,11.0,3.2,0.0,76.5,1028.51,114.28,bmi: 64%  |  dosprt: 27%  |  alcfreq: 18%  |  cgtsmok: 14%,gen_1_experiments/random_search_exp/RF_prange_highthres_2026-04-29
XGB_highthres_2026-04-17,random,XGBoost,False,10,1000,0.90,9,90,48,53.3%,100.0%,1.69,1.69,0.13,10.2,2.2,0.0,80.8,133.85,14.87,bmi: 56%  |  etfruit: 27%  |  eatveg: 21%  |  dosprt: 19%,gen_1_experiments/random_search_exp/XGB_highthres_2026-04-17
XGB_prange_highthres_2026-04-17,random,XGBoost,True,10,1000,0.90,9,90,58,64.4%,100.0%,1.47,1.47,0.13,10.2,2.0,0.0,82.1,435.36,48.37,bmi: 88%  |  dosprt: 16%  |  alcfreq: 14%  |  cgtsmok: 12%,gen_1_experiments/random_search_exp/XGB_prange_highthres_2026-04-17
RandomForest_thres0.5_2026-05-07,genetic,RandomForest,True,10,1000,0.50,9,89,22,24.7%,88.9%,2.64,2.28,0.93,,9.9,0.0,,87.35,9.71,bmi: 100%  |  alcfreq: 36%  |  dosprt: 36%  |  etfruit: 27%,predictors_vs_threshold/SMOTE/base_predictors/RandomForest_thres0.5_2026-05-07
RandomForest_thres0.9_2026-05-07,genetic,RandomForest,True,10,1000,0.90,9,58,26,44.8%,88.9%,2.85,2.33,0.94,,9.7,0.0,,88.45,9.83,bmi: 100%  |  alcfreq: 42%  |  dosprt: 38%  |  etfruit: 31%,predictors_vs_threshold/SMOTE/base_predictors/RandomForest_thres0.9_2026-05-07
XGBoost_thres0.5_2026-05-07,genetic,XGBoost,True,10,1000,0.50,9,90,28,31.1%,77.8%,2.82,2.47,0.94,,14.4,0.0,,9.69,1.08,bmi: 100%  |  alcfreq: 46%  |  dosprt: 46%  |  etfruit: 36%,predictors_vs_threshold/SMOTE/base_predictors/XGBoost_thres0.5_2026-05-07
XGBoost_thres0.9_2026-05-07,genetic,XGBoost,True,10,1000,0.90,9,52,22,42.3%,77.8%,2.45,2.37,0.96,,10.7,0.0,,9.52,1.06,bmi: 100%  |  dosprt: 45%  |  alcfreq: 36%  |  etfruit: 23%,predictors_vs_threshold/SMOTE/base_predictors/XGBoost_thres0.9_2026-05-07
RandomForest_thres0.5_2026-05-07,genetic,RandomForest,True,10,1000,0.50,9,90,6,6.7%,22.2%,3.17,2.29,0.89,,14.8,10.8,,35.11,3.90,bmi: 100%  |  slprl: 67%  |  etfruit: 50%  |  alcfreq: 33%,predictors_vs_threshold/SMOTE/gridsearched_predictors/RandomForest_thres0.5_2026-05-07
RandomForest_thres0.9_2026-05-07,genetic,RandomForest,True,10,1000,0.90,9,34,8,23.5%,44.4%,3.25,2.50,0.90,,15.9,10.1,,34.62,3.85,bmi: 100%  |  slprl: 62%  |  dosprt: 62%  |  alcfreq: 38%,predictors_vs_threshold/SMOTE/gridsearched_predictors/RandomForest_thres0.9_2026-05-07
XGBoost_thres0.5_2026-05-07,genetic,XGBoost,True,10,1000,0.50,9,87,18,20.7%,66.7%,3.17,2.43,0.91,,16.8,7.1,,100.07,11.12,bmi: 100%  |  alcfreq: 61%  |  dosprt: 61%  |  cgtsmok: 39%,predictors_vs_threshold/SMOTE/gridsearched_predictors/XGBoost_thres0.5_2026-05-07
base_rf_highthres_2026-05-06,genetic,RandomForest,True,10,1000,0.90,9,84,35,41.7%,100.0%,2.43,2.20,0.95,,2.8,0.0,,23.81,2.65,bmi: 100%  |  alcfreq: 37%  |  slprl: 37%  |  etfruit: 23%,predictors_vs_threshold/baseline/base_rf_highthres_2026-05-06
base_rf_lowthres_2026-05-05,genetic,RandomForest,True,10,1000,0.10,9,61,31,50.8%,100.0%,2.26,2.20,0.95,11.0,2.8,0.0,73.0,23.90,2.66,bmi: 100%  |  slprl: 35%  |  alcfreq: 29%  |  dosprt: 26%,predictors_vs_threshold/baseline/base_rf_lowthres_2026-05-05
base_rf_midthres_2026-05-06,genetic,RandomForest,True,10,1000,0.50,9,90,34,37.8%,88.9%,2.26,2.19,0.94,,3.1,0.0,,23.44,2.60,bmi: 100%  |  slprl: 32%  |  alcfreq: 26%  |  etfruit: 21%,predictors_vs_threshold/baseline/base_rf_midthres_2026-05-06
base_xgb_highthres_2026-05-06,genetic,XGBoost,True,10,1000,0.90,9,82,47,57.3%,77.8%,2.32,2.20,0.93,,2.9,0.0,,9.40,1.04,bmi: 100%  |  etfruit: 28%  |  alcfreq: 28%  |  slprl: 23%,predictors_vs_threshold/baseline/base_xgb_highthres_2026-05-06
base_xgb_lowthres_2026-05-06,genetic,XGBoost,True,10,1000,0.10,9,69,39,56.5%,77.8%,2.36,2.13,0.94,,2.7,0.1,,9.89,1.10,bmi: 100%  |  etfruit: 31%  |  slprl: 26%  |  alcfreq: 23%,predictors_vs_threshold/baseline/base_xgb_lowthres_2026-05-06
base_xgb_midthres_2026-05-06,genetic,XGBoost,True,10,1000,0.50,9,90,42,46.7%,88.9%,2.36,2.16,0.92,,2.5,0.0,,9.41,1.05,bmi: 100%  |  etfruit: 29%  |  eatveg: 26%  |  slprl: 24%,predictors_vs_threshold/baseline/base_xgb_midthres_2026-05-06
rf_2026-05-04,genetic,RandomForest,True,20,1000,0.40,9,118,1,0.8%,11.1%,4.00,2.48,0.35,44.7,26.4,26.4,50.4,49.64,5.52,eatveg: 100%  |  alcfreq: 100%  |  slprl: 100%  |  bmi: 100%,predictors_vs_threshold/weighted/rf_2026-05-04
xgb_2026-05-04,genetic,XGBoost,True,20,1000,0.40,9,120,31,25.8%,66.7%,3.42,2.65,0.24,47.7,23.7,10.6,60.1,20.27,2.25,bmi: 100%  |  dosprt: 68%  |  alcfreq: 61%  |  slprl: 52%,predictors_vs_threshold/weighted/xgb_2026-05-04
XGBoost_thres0.1_2026-05-07,genetic,XGBoost,True,10,1000,0.10,9,69,33,47.8%,88.9%,2.73,2.30,0.93,,1.2,0.0,,10.82,1.20,bmi: 100%  |  etfruit: 42%  |  alcfreq: 33%  |  eatveg: 27%,predictors_vs_threshold/xgb_optimized/XGBoost_thres0.1_2026-05-07
XGBoost_thres0.5_2026-05-07,genetic,XGBoost,True,10,1000,0.50,9,90,29,32.2%,88.9%,2.79,2.42,0.92,,0.9,0.0,,11.10,1.23,bmi: 100%  |  etfruit: 45%  |  alcfreq: 38%  |  dosprt: 38%,predictors_vs_threshold/xgb_optimized/XGBoost_thres0.5_2026-05-07
XGBoost_thres0.9_2026-05-07,genetic,XGBoost,True,10,1000,0.90,9,85,35,41.2%,100.0%,2.49,2.27,0.94,,1.2,0.1,,10.67,1.19,bmi: 100%  |  etfruit: 46%  |  alcfreq: 31%  |  eatveg: 26%,predictors_vs_threshold/xgb_optimized/XGBoost_thres0.9_2026-05-07
